id,name,popularity,unit,commerce_id,commerce_name,commerce_popularity
004c73b3-8f46-4936-8136-d3f9935de043,gelatina par cabel ego powerade,0.0,200 GR,gonzalozambrano,Gonzalo Zambrano,0.0
0113cfe4-6d15-42c6-a6df-828101f12eba,detergente ciclã³n frutal,0.0,600 GR,gonzalozambrano,Gonzalo Zambrano,0.0
01c7620c-eac6-449b-af91-5a67adcb248b,hari de trig dona petrona,0.0,500 GR,gonzalozambrano,Gonzalo Zambrano,0.0
02afb06f-cb53-4254-b16a-0884f088c34d,cerveza club premium doble malta x6,0.0,330 ML C/U,gonzalozambrano,Gonzalo Zambrano,0.0
033e5471-28b9-4207-8c5d-00b6b8c103d5,jab protex herbal x3,0.0,110 GR C/U,gonzalozambrano,Gonzalo Zambrano,0.0
0535add8-72c3-4279-ac31-833363d11e6d,arroz fresc,0.0,1LB,gonzalozambrano,Gonzalo Zambrano,0.0
07984cd1-bda0-4b5c-9b48-aef6a32d12d5,desod gillette,0.0,82 GR,gonzalozambrano,Gonzalo Zambrano,0.0
087681a1-7a1e-49d4-b76c-db9d9d0957aa,leche nutri descremada,0.0,1/2L,gonzalozambrano,Gonzalo Zambrano,0.0
08c7d39b-749e-43aa-ab4a-86f591092bcb,pap frit ruffles natural,0.0,42 GR,gonzalozambrano,Gonzalo Zambrano,0.0
0928f3f1-2127-4e79-a401-9c527a481d71,pasta colgate ,0.0,100 GR,gonzalozambrano,Gonzalo Zambrano,0.0
0afd6ff8-564a-4a0a-a5cb-18273750b53f,hari de trig ya con levadura,0.0,1 KG,gonzalozambrano,Gonzalo Zambrano,0.0
0b184af9-dbbe-4bd4-bca3-643c686e7675,pap frit ruffles cebolla,0.0,147 GR,gonzalozambrano,Gonzalo Zambrano,0.0
0bb95e96-7836-46bb-80d3-e612f604db39,cerveza corona x6,0.0,355 ML C/U,gonzalozambrano,Gonzalo Zambrano,0.0
0c971955-7c7e-44b4-8d2c-ca79f796e341,leche nutrileche ,0.0,1L,gonzalozambrano,Gonzalo Zambrano,0.0
0cbf51f9-7c8b-4816-8ea8-8760f53fa464,detergente deja en polvo aloe vera,0.0,"1,2 KG",gonzalozambrano,Gonzalo Zambrano,0.0
0d22a89b-bd2e-4229-9003-6102f3a1dbf1,chocolate galak,0.0,20 GR,gonzalozambrano,Gonzalo Zambrano,0.0
0d25264e-536f-420d-ad6f-941f75eb432f,flan roy,0.0,80 GR,gonzalozambrano,Gonzalo Zambrano,0.0
0dad15ed-5c54-403b-b1eb-092af433e623,azucar valdez,0.0,1/4KG,gonzalozambrano,Gonzalo Zambrano,0.0
0f254291-166b-4eb4-9a6a-2b16b24ef972,chocolate nikolo,0.0,21 GR,gonzalozambrano,Gonzalo Zambrano,0.0
13bdea01-eb65-4ecd-afbb-0a603262ecdf,galleta marã­a,0.0,172 GR,gonzalozambrano,Gonzalo Zambrano,0.0
14913383-d787-42e1-9bfc-a8cfb33126e5,vin blanco peã±asol,0.0,750 ML,gonzalozambrano,Gonzalo Zambrano,0.0
1555bde8-22d4-4945-9601-dd366a0a582e,gelatina par cabel biolans,0.0,200 GR,gonzalozambrano,Gonzalo Zambrano,0.0
168cc146-7523-4097-8b34-9c2548891511,detergente deja en polvo primav,0.0,340 GR,gonzalozambrano,Gonzalo Zambrano,0.0
17742875-543b-4970-a2d1-1d0cf61ff700,chocolate manicho,0.0,28 GR,gonzalozambrano,Gonzalo Zambrano,0.0
18e3a665-12fb-48cd-b81a-38d5eff55047,detergente deja en polvo primav,0.0,5 KG,gonzalozambrano,Gonzalo Zambrano,0.0
1966fae8-e5e7-4d6f-8cb2-c9608ab42243,chic trident,0.0,"8,5 GR",gonzalozambrano,Gonzalo Zambrano,0.0
1a78ebe5-5022-45dd-a6e8-2da91e1880f6,papel higienico triple hoja familia x6,0.0,15 M C/U,gonzalozambrano,Gonzalo Zambrano,0.0
1a823a4f-1d06-4791-b512-a7c9081e4603,hari de trig amancai con polvo de horn,0.0,1 KG,gonzalozambrano,Gonzalo Zambrano,0.0
1aace272-0e19-4bbb-b462-c2f693e575bc,big cola,0.0,"1,85 LT",gonzalozambrano,Gonzalo Zambrano,0.0
1c4b392d-1630-431c-a4ef-b03347be2384,gelatina para cabello ego powerade,0.0,500 GR,gonzalozambrano,Gonzalo Zambrano,0.0
1c7e73cc-2981-4892-b065-ba89b89f5694,desod rexona roll on,0.0,50 ML,gonzalozambrano,Gonzalo Zambrano,0.0
1d29d608-f551-420d-8f56-007c3b6ec7f3,galleta mini chips ahoy,0.0,50 GR,gonzalozambrano,Gonzalo Zambrano,0.0
1e1e5b71-6f36-4947-8d1e-e576d066f463,galleta de coco koki,0.0,210 GR,gonzalozambrano,Gonzalo Zambrano,0.0
1e741c75-6da7-4a9c-9ea6-00efd418909a,servill familia,0.0,300 U,gonzalozambrano,Gonzalo Zambrano,0.0
1f7e3b80-e417-4881-b4b8-34003487735e,pasta polar ,0.0,100GR,gonzalozambrano,Gonzalo Zambrano,0.0
206c5c0f-ef45-40e3-b9e4-01e5da86ad9a,detergente en polvo ciclã³n suavizante,0.0,1.2 KG,gonzalozambrano,Gonzalo Zambrano,0.0
2363a6ea-1fa8-4368-bc33-c44a7ba26048,galleta ducales,0.0,243 GR,gonzalozambrano,Gonzalo Zambrano,0.0
23b622cc-f26b-4870-83cd-5086d765f374,arroz enveje ,0.0,1LB,gonzalozambrano,Gonzalo Zambrano,0.0
250de1f6-be56-473f-9667-54c6303b9605,galleta club social paq x9,0.0,234 GR,gonzalozambrano,Gonzalo Zambrano,0.0
25ac7b7d-d2c6-4912-8300-754db1b48e31,lavav en barra limã³n deja,0.0,350 GR,gonzalozambrano,Gonzalo Zambrano,0.0
28e9fb05-4ce8-4be3-b845-e63026daa7bb,galleta salticas ,0.0,70 GR,gonzalozambrano,Gonzalo Zambrano,0.0
2a24a94c-e1bb-46b8-b37b-7d385a4607d6,cocoa la universal,0.0,170G,gonzalozambrano,Gonzalo Zambrano,0.0
2a8bd27a-61a4-4c79-9615-386ea2fe70d9,sazonador a las finas hierb condimensa,0.0,50 GR,gonzalozambrano,Gonzalo Zambrano,0.0
2a97cd31-abb9-41c3-b9c6-e66b4d9f0715,detergente ciclã³n xtra powerade,0.0,600 GR,gonzalozambrano,Gonzalo Zambrano,0.0
2aa29b05-6ac1-4764-91b2-4e818a3c49b7,detergente deja en polvo aloe vera,0.0,2 KG,gonzalozambrano,Gonzalo Zambrano,0.0
2ab0840b-dc9a-4c3b-8783-ddb532d16b0d,manjar arequipe,0.0,250 GR,gonzalozambrano,Gonzalo Zambrano,0.0
2af2419d-7f00-44cd-b843-3d4068e50045,pap frit ruffles picante,0.0,147 GR,gonzalozambrano,Gonzalo Zambrano,0.0
2b09780a-099d-4016-a24d-3903e6101016,cerveza stella artois x6,0.0,330 ML C/U,gonzalozambrano,Gonzalo Zambrano,0.0
2b16c4b9-95e9-4696-9bbd-9436bc08ffaf,sham h&s ,0.0,700 ML,gonzalozambrano,Gonzalo Zambrano,0.0
2b899c85-fb3e-40ab-91a6-1c4ebce9451d,chocolate en polvo ricacao,0.0,440 GR ,gonzalozambrano,Gonzalo Zambrano,0.0
2baf67a3-4dfb-4f18-8837-6c9160b51a2c,cerveza biela light x12,0.0,355 ML C/U,gonzalozambrano,Gonzalo Zambrano,0.0
2bfc3df9-7aba-4862-8975-88ab608fd045,pap frit ruffles cebolla,0.0,42 GR,gonzalozambrano,Gonzalo Zambrano,0.0
2caac8c8-325b-4ca1-95e4-61974c4756ef,detergente fab en polvo blu,0.0,1 KG,gonzalozambrano,Gonzalo Zambrano,0.0
2cded4f8-263d-4451-9b7c-ce70480c613f,big cola,0.0,500 ML,gonzalozambrano,Gonzalo Zambrano,0.0
2e179790-4778-43a0-968f-0ec206abe852,azucar san carlos ,0.0,1/2KG,gonzalozambrano,Gonzalo Zambrano,0.0
2f90c5b1-879d-41c1-a077-79fbd8d75652,chantilly roy,0.0,100 GR,gonzalozambrano,Gonzalo Zambrano,0.0
2fc3ae11-1ef7-4e80-9579-0466094f41d3,cola fioravanti,0.0,300 ML,gonzalozambrano,Gonzalo Zambrano,0.0
3121ac22-8ae4-4584-9401-c29aa17ec3d2,gelat sin sabor gelatina hada,0.0,30 GR,gonzalozambrano,Gonzalo Zambrano,0.0
32c76a7e-ab30-487c-988d-6d9d637a11df,jab jolly clã¡sico x4,0.0,100 GR C/U,gonzalozambrano,Gonzalo Zambrano,0.0
33f5fb2c-a933-48ef-a4a6-c377b98734ea,manteca 3 chanchito,0.0,1/4KG,gonzalozambrano,Gonzalo Zambrano,0.0
34aea0a5-e5fa-49f6-9110-5279d1ad11e1,caf lato toni tetrabrick,0.0,250 CC,gonzalozambrano,Gonzalo Zambrano,0.0
352dc63b-565d-4e4b-a556-588bd63e0f9c,hari de trig ya con polvo de horn,0.0,2 KG,gonzalozambrano,Gonzalo Zambrano,0.0
3642d937-1847-4f9f-ba4d-b749131129ca,chocolate rocklets,0.0,35 GR,gonzalozambrano,Gonzalo Zambrano,0.0
38dd4bd9-9d4b-4eeb-aac4-1a84b28a2bed,pony malta,0.0,200 ML,gonzalozambrano,Gonzalo Zambrano,0.0
38ef1368-05d9-490d-8840-8738fa88621a,leche nutrileche ,0.0,1/4L,gonzalozambrano,Gonzalo Zambrano,0.0
39ab99cc-8579-4593-a2e8-3caf26cb96a0,servill familia acolcha,0.0,100 U,gonzalozambrano,Gonzalo Zambrano,0.0
39c160bc-3ae6-4325-a035-a26fd4228f3a,hari de trig estrella de octubre,0.0,1 KG,gonzalozambrano,Gonzalo Zambrano,0.0
39d2f961-699d-4706-a9e9-875caba749e4,sham sedal,0.0,340 ML,gonzalozambrano,Gonzalo Zambrano,0.0
39f351c6-2d83-4358-9d21-039eed1e30a3,aceite de oliva virgen ,0.0,1L,gonzalozambrano,Gonzalo Zambrano,0.0
3a31b849-4b98-40be-a9d6-13761fa48471,mantequilla girasol,0.0,1 LB,gonzalozambrano,Gonzalo Zambrano,0.0
3aafa8a6-3bb0-48d3-844a-5e7f1f43d366,fosf fogata x10,0.0,,gonzalozambrano,Gonzalo Zambrano,0.0
3c0cc2fd-4537-4cfe-9e84-f58fbe25b3a2,manteca 3 chanchito,0.0,1KG,gonzalozambrano,Gonzalo Zambrano,0.0
3ce2d255-ef31-43ea-904e-3045c37b843e,powerade,0.0,1 LT,gonzalozambrano,Gonzalo Zambrano,0.0
3dca06c6-fb9a-4e21-b167-2136919a3c69,vin tinto selecto,0.0,750 ML,gonzalozambrano,Gonzalo Zambrano,0.0
3e0c4388-e09c-4721-b9a7-fd611f71823d,cerveza club premium x6,0.0,355 ML C/U,gonzalozambrano,Gonzalo Zambrano,0.0
3f2c8ac2-9bfa-4a3b-a124-f01798bf5b35,atãºn real lomitos en aceite giras,0.0,140 GR,gonzalozambrano,Gonzalo Zambrano,0.0
3fa1ac97-1d7c-4068-a075-dea25186d09a,azucar morena san carlos ,0.0,1KG,gonzalozambrano,Gonzalo Zambrano,0.0
3faf0884-33aa-47a7-8168-dc58f63e8c2c,jab protex limpieza profunda x4,0.0,75 GR C/U,gonzalozambrano,Gonzalo Zambrano,0.0
3fe1c5e7-22fa-4cde-997f-32f591944f5d,aven ya,0.0,250 GR,gonzalozambrano,Gonzalo Zambrano,0.0
3ffe2924-ebd3-44f7-8df5-9be06ef21d46,galleta ricas,0.0,58 GR,gonzalozambrano,Gonzalo Zambrano,0.0
4246474b-5fb2-43f3-af71-5cd255dc38f6,gatorade,0.0,750 ML,gonzalozambrano,Gonzalo Zambrano,0.0
426a33ed-1bf0-41f4-bf67-2c605a8c0b92,agua dasani,0.0,"3,8 LT",gonzalozambrano,Gonzalo Zambrano,0.0
4289648b-7f9f-406f-9f38-88122d53507d,aceite girasol,0.0,1/2L,gonzalozambrano,Gonzalo Zambrano,0.0
4323f943-2fd2-45be-bf14-1ae2a9988995,jab jolly manzanilla x3,0.0,100 GR C/U,gonzalozambrano,Gonzalo Zambrano,0.0
434d3e2b-f863-4f8c-b3d6-04e5c355de78,jab liquido protex avena,0.0,221 ML,gonzalozambrano,Gonzalo Zambrano,0.0
44026a2a-8a88-4a1b-a986-96c7fbc90d4f,mayo gustadina,0.0,400 GR,gonzalozambrano,Gonzalo Zambrano,0.0
440704bd-78ea-43c9-97c6-b411216a27d0,arroz integ,0.0,1LB,gonzalozambrano,Gonzalo Zambrano,0.0
472ccc3d-833c-4640-80b7-aaf554fc5cc2,gelatina par cabel rolda,0.0,500 GR,gonzalozambrano,Gonzalo Zambrano,0.0
4742a3ca-4b0c-44db-bd86-def7bd330b51,pasta colgate ,0.0,150 GR,gonzalozambrano,Gonzalo Zambrano,0.0
4889315b-5cc7-476b-ae8e-fc840b6d61a1,vodka russk,0.0,750 ML,gonzalozambrano,Gonzalo Zambrano,0.0
499ec86f-5feb-4ba8-ace1-3f7d255f8d72,pan mold supan,0.0,500 GR,gonzalozambrano,Gonzalo Zambrano,0.0
4a7aeaab-a81a-4bbb-825b-12375537983f,aliã±o completa ile,0.0,320 GR,gonzalozambrano,Gonzalo Zambrano,0.0
4ba9ea93-4581-4c41-ba6e-7baf53a3c91a,chocolate jet,0.0,26 GR,gonzalozambrano,Gonzalo Zambrano,0.0
4bfcc197-bc8b-4fa2-b2a5-454569d92962,gelat en polvo gelatina hada,0.0,400 GR,gonzalozambrano,Gonzalo Zambrano,0.0
4c27228d-50f1-4cf2-8d08-e5a85623bd5e,leche nutri,0.0,1/2L,gonzalozambrano,Gonzalo Zambrano,0.0
4c6507a6-9b02-40a8-8d7e-598cce197da1,mostaza los andes,0.0,200 GR,gonzalozambrano,Gonzalo Zambrano,0.0
4c7ab731-cf0b-4deb-9676-672e8d998cc1,mostaza maggi,0.0,100 GR,gonzalozambrano,Gonzalo Zambrano,0.0
4d2b045d-871f-4dd9-b415-640b0e584e53,pap frit ruffles natural,0.0,260 GR,gonzalozambrano,Gonzalo Zambrano,0.0
4d4d77d1-43d3-4adf-a69f-6454c97eedd3,sal parrill cris - sal,0.0,500 GR,gonzalozambrano,Gonzalo Zambrano,0.0
4de8582f-e1bf-419f-a223-9bb28e5ebec3,atãºn ile lomitos en aceite giras,0.0,170 GR,gonzalozambrano,Gonzalo Zambrano,0.0
4e06c264-cacb-4bab-a4df-8df63daadbe1,pan mini mold dandy,0.0,250 GR,gonzalozambrano,Gonzalo Zambrano,0.0
4f6ccf47-1dab-4ad5-a043-511d13c46d07,mayo maggi,0.0,900 GR,gonzalozambrano,Gonzalo Zambrano,0.0
4f79c2ae-08b4-45b8-8d5c-738bd51a4f83,aven quaker,0.0,500 GR,gonzalozambrano,Gonzalo Zambrano,0.0
50216aa7-6f3b-4ce9-8bd7-fd813b911ad5,aceite criollo,0.0,300ML,gonzalozambrano,Gonzalo Zambrano,0.0
50c28de4-a7f2-4106-962a-7f9dde1dd6b8,cola pepsi,0.0,2 LT,gonzalozambrano,Gonzalo Zambrano,0.0
50d26094-49ef-4a96-bf30-9b776a8c8fbe,cerveza club platino x6,0.0,330 ML C/U,gonzalozambrano,Gonzalo Zambrano,0.0
51908399-c191-46a6-972c-4c6317a32940,aven ya,0.0,1000 GR,gonzalozambrano,Gonzalo Zambrano,0.0
52416211-8ba5-4106-b4fa-acc8d87399fc,cola sprite,0.0,300 ML,gonzalozambrano,Gonzalo Zambrano,0.0
55048242-8f2e-42e4-94a0-f4e6cac36c7f,detergente fab en polvo limã³n,0.0,5 KG,gonzalozambrano,Gonzalo Zambrano,0.0
552a606f-27a5-4aae-b55e-88f191735ca8,atãºn vam camps  lomitos en aceite ,0.0,142 GR,gonzalozambrano,Gonzalo Zambrano,0.0
5553cae4-1894-4fc7-9d95-10052c8bb7d6,agua cielo,0.0,1.2 LT,gonzalozambrano,Gonzalo Zambrano,0.0
55613cac-9ec1-4303-be78-18e12615d6ac,azucar morena san carlos ,0.0,1/4KG,gonzalozambrano,Gonzalo Zambrano,0.0
55c4271b-3de2-4a1e-a3ea-074d38827c7b,jab jolly manzanilla x5,0.0,75 GR C/U,gonzalozambrano,Gonzalo Zambrano,0.0
55e38f8f-1c83-48c6-be25-39a8d8cc8245,leche chocolat toni,0.0,200 ML,gonzalozambrano,Gonzalo Zambrano,0.0
56e84d51-b425-430b-87d4-a3cb3a94ff60,la sazonador maggi,0.0,200 GR,gonzalozambrano,Gonzalo Zambrano,0.0
577c76f9-9333-4b18-85c5-c1e7f8f34fbf,azucar morena san carlos ,0.0,1/2KG,gonzalozambrano,Gonzalo Zambrano,0.0
581091d7-73e2-4efa-8934-6bbf173d7317,azucar la troncal ,0.0,1KG,gonzalozambrano,Gonzalo Zambrano,0.0
589982db-5a07-42f6-83ec-5098650273f1,pimienta molida ile,0.0,50 GR,gonzalozambrano,Gonzalo Zambrano,0.0
5988cabc-b3f3-4c98-bca3-e872b76f3e5a,mantequilla regia ,0.0,1/2 LB,gonzalozambrano,Gonzalo Zambrano,0.0
5a6cf5ea-03af-41ae-af09-0d04de33c2f5,tango choco blanc,0.0,25 GR,gonzalozambrano,Gonzalo Zambrano,0.0
5afebe3e-ee29-4ad2-92a2-1d1c232cb012,azucar morena la troncal,0.0,1/2KG,gonzalozambrano,Gonzalo Zambrano,0.0
5b34a64d-9c0a-4021-99c1-c3266c7f436a,detergente deja en polvo primavera,0.0,2 KG,gonzalozambrano,Gonzalo Zambrano,0.0
5b62eb2e-bdb6-4bd1-ab24-941c8e25227c,pan mold supan integ,0.0,500 GR,gonzalozambrano,Gonzalo Zambrano,0.0
5e411767-5d82-4a8b-a2bf-b6ce9c9264cd,papel higienico triple hoja elite x4,0.0,18 M C/U,gonzalozambrano,Gonzalo Zambrano,0.0
5e74464f-3e46-4384-83c0-f91b83b95111,papel higienico cuatro hojas familia x4,0.0,15 M C/U,gonzalozambrano,Gonzalo Zambrano,0.0
608b8e5a-f752-4546-893d-088bd57112d4,aceite girasol,0.0,1L,gonzalozambrano,Gonzalo Zambrano,0.0
60c36091-994b-472d-b856-03b8cd4e5cf4,mantequilla bonella ,0.0,1 LB,gonzalozambrano,Gonzalo Zambrano,0.0
6117b4ee-3b84-4a57-9a6f-7b794555e76e,agua all natural,0.0,6 LT,gonzalozambrano,Gonzalo Zambrano,0.0
62df4d06-fb7d-4911-ace2-1c380ea984a3,cola pepsi,0.0,1 LT,gonzalozambrano,Gonzalo Zambrano,0.0
6314def3-137a-4d38-8242-40beda6b8356,vive 100,0.0,300 ML,gonzalozambrano,Gonzalo Zambrano,0.0
63636909-3f12-4303-98da-a2ee4c37bc5f,cerveza siembra x6,0.0,355 ML C/U,gonzalozambrano,Gonzalo Zambrano,0.0
6380bcc0-ad9b-4c4a-bdc2-152823370fef,gelat sin sabor royal,0.0,11 GR,gonzalozambrano,Gonzalo Zambrano,0.0
638e56df-6510-455b-b917-2e7650e6bf1a,pap frit ruffles natural,0.0,147 GR,gonzalozambrano,Gonzalo Zambrano,0.0
63cced7a-2fde-4606-81b5-b068cc1326c5,hari de trig amancai con polvo de horn,0.0,250 GR,gonzalozambrano,Gonzalo Zambrano,0.0
640c50ae-51a1-4d0b-b219-d59826ecb4f9,azucar valdez,0.0,1/2KG,gonzalozambrano,Gonzalo Zambrano,0.0
64b9195c-9a29-402d-a3b9-0d9e58ae680d,ajo en pasta ile,0.0,320 GR,gonzalozambrano,Gonzalo Zambrano,0.0
663e6779-12df-4a33-82a2-fa5728715fb7,detergente lã­quido ciclã³n doypack,0.0,900 ML,gonzalozambrano,Gonzalo Zambrano,0.0
66d0391f-af74-4289-a917-5251028f153d,pony malta,0.0,330 ML,gonzalozambrano,Gonzalo Zambrano,0.0
6765888a-92e7-4929-a847-07b991321e58,leche nutri,0.0,1L,gonzalozambrano,Gonzalo Zambrano,0.0
68992420-cb3b-44f9-805d-c560ed744719,sazonador en pasta ile,0.0,500 GR,gonzalozambrano,Gonzalo Zambrano,0.0
68a45d39-3746-4a76-bdd4-225925a97087,agua mineral con gas gã¼itig,0.0,3 LT,gonzalozambrano,Gonzalo Zambrano,0.0
68bb1a73-e21c-4bf7-a18e-0d7eed08a1e5,aceite criollo,0.0,1L,gonzalozambrano,Gonzalo Zambrano,0.0
6a9913d3-98eb-4c6d-9aed-efbe5f38800a,aven quaker,0.0,250 GR,gonzalozambrano,Gonzalo Zambrano,0.0
6aed4610-e522-461a-b957-44925748eb3e,detergente deja en polvo floral,0.0,"1,2 KG",gonzalozambrano,Gonzalo Zambrano,0.0
6b3329c2-997c-405c-a648-e4adf845a93e,detergente deja liquido doypack,0.0,300 ML,gonzalozambrano,Gonzalo Zambrano,0.0
6b42fae5-26f1-45d2-b68a-3c19ca2229f3,gelat en polvo royal,0.0,40 GR,gonzalozambrano,Gonzalo Zambrano,0.0
6ba49926-7ed2-4bff-ae71-c3239ccb14ac,pan mold mode,0.0,550 GR,gonzalozambrano,Gonzalo Zambrano,0.0
6ba9efc2-309a-4313-a4bf-30d1e6f23a0e,agua mineral con gas gã¼itig,0.0,"1,5 LT",gonzalozambrano,Gonzalo Zambrano,0.0
6e5535bd-6f18-4945-9650-3ad58c09934f,leche toni tetra brik frutilla,0.0,200 ML,gonzalozambrano,Gonzalo Zambrano,0.0
6f4415a1-9a81-4a81-97e0-a4a8c6d6a26c,coca cola,0.0,1 LT,gonzalozambrano,Gonzalo Zambrano,0.0
6fcd5c0e-9a43-4b3d-97d7-dbbf6f927ee1,manj toni,0.0,250 GR,gonzalozambrano,Gonzalo Zambrano,0.0
7048f38e-781d-471a-afa7-62c96eaf7e61,jab lã­quido jolly,0.0,500 ML,gonzalozambrano,Gonzalo Zambrano,0.0
70a54e14-97d7-4b25-be7f-3d902537d9fc,jab protex avena x4,0.0,110 GR C/U,gonzalozambrano,Gonzalo Zambrano,0.0
71ffffb3-efa1-4463-aeae-8c24809c12fe,leche toni chocolat,0.0,1 LT,gonzalozambrano,Gonzalo Zambrano,0.0
72a5f7f2-051a-4099-a53b-088d77c6f42e,desod speed stick 24/7,0.0,85 GR,gonzalozambrano,Gonzalo Zambrano,0.0
7324b26b-7866-4d4b-a5b0-d284ebd505da,pimienta molida la original,0.0,50 GR,gonzalozambrano,Gonzalo Zambrano,0.0
734d14b2-d3a7-4578-a63f-d2a9e1307623,leche nutrileche descremada,0.0,1L,gonzalozambrano,Gonzalo Zambrano,0.0
7605e0dc-9b19-4823-991d-102b6e237b74,cerveza biela reserva x6,0.0,355 ML C/U,gonzalozambrano,Gonzalo Zambrano,0.0
787ca48b-9fb4-411e-a0a6-b13d6c21b449,pimienta molida condimensa,0.0,55 GR,gonzalozambrano,Gonzalo Zambrano,0.0
7a4323c6-70d3-4a15-b57b-5fed316e77bb,agua dasani,0.0,"1,2 LT",gonzalozambrano,Gonzalo Zambrano,0.0
7a527d6e-4b4b-4ee4-a39a-566d6a78918f,azucar san carlos ,0.0,1/4KG,gonzalozambrano,Gonzalo Zambrano,0.0
7ab3e7d0-c37d-492e-aee4-cd3dd134abeb,la sazonador los and,0.0,688 GR,gonzalozambrano,Gonzalo Zambrano,0.0
7b0b94f5-63c3-46d5-a85b-5619e589fb2d,azucar morena valdez,0.0,1/4KG,gonzalozambrano,Gonzalo Zambrano,0.0
7befaf83-103d-422d-87a6-586b21c49d10,fosf sol x10,0.0,,gonzalozambrano,Gonzalo Zambrano,0.0
7f6b0a17-5bd1-4368-8435-5d2a7c4e8a24,sham h&s caspa,0.0,180 ML,gonzalozambrano,Gonzalo Zambrano,0.0
7fd32b9b-11e4-4f38-b8b6-2d4cb541d942,gelatina en polvo gelatina hada,0.0,200 GR,gonzalozambrano,Gonzalo Zambrano,0.0
7fe8b854-62fa-4111-9e0b-1606ec94d3ff,big cola,0.0,1 LT,gonzalozambrano,Gonzalo Zambrano,0.0
8032486b-24bf-4c71-a9fb-6abe03a1fe9a,chocolate para taza superior,0.0,100 GR,gonzalozambrano,Gonzalo Zambrano,0.0
803a7548-73ef-4a25-bb31-9a5e7df5b7c9,cerveza pilsener x4,0.0,269 ML C/U,gonzalozambrano,Gonzalo Zambrano,0.0
81dbd079-16ba-49de-b1a4-f6866cb07080,pan medio mold integral mode,0.0,350 GR,gonzalozambrano,Gonzalo Zambrano,0.0
821f4953-2a79-4629-8e3d-1b4b71cd6e86,agua all natural,0.0,1 LT,gonzalozambrano,Gonzalo Zambrano,0.0
8282b598-e653-4c91-85d4-567312907838,coca cola,0.0,3 LT,gonzalozambrano,Gonzalo Zambrano,0.0
82e075dd-f43e-4b5d-b4fd-0522c2c13c1f,aceite criollo,0.0,1/2L,gonzalozambrano,Gonzalo Zambrano,0.0
83bfe817-c071-42b2-8709-e5372b744f01,detergente fab en polvo flores,0.0,2 KG,gonzalozambrano,Gonzalo Zambrano,0.0
848084a9-64bb-4c12-ac2f-63fa2c5e0ac3,gelat chiki toni fresa,0.0,120 MG,gonzalozambrano,Gonzalo Zambrano,0.0
84a6f0f4-abd0-41f6-ac5f-64ade7d0ba94,pasta polar ,0.0,50 GR,gonzalozambrano,Gonzalo Zambrano,0.0
84b32a88-9a38-49e7-aadc-9a5aedd96eca,ajinomot,0.0,100 GR,gonzalozambrano,Gonzalo Zambrano,0.0
864d1814-bf65-4ac1-b956-4a2ba28b74db,mostaza maggi,0.0,200 GR,gonzalozambrano,Gonzalo Zambrano,0.0
86580bc2-97c4-4e35-8c2c-ca4388cee6c4,mantequilla regia ,0.0,1 LB,gonzalozambrano,Gonzalo Zambrano,0.0
88d4a6ef-9d88-49b1-be91-55a576c4e54a,leche nutrileche deslactosada,0.0,1L,gonzalozambrano,Gonzalo Zambrano,0.0
8a59da46-fcbe-478e-bcdc-1a4f493004ae,servill familia decor,0.0,100 U,gonzalozambrano,Gonzalo Zambrano,0.0
8b482f18-215b-4e32-aedd-bc21e79de8db,detergente lã­quido ciclã³n doypack,0.0,300 ML,gonzalozambrano,Gonzalo Zambrano,0.0
8c0e1686-634d-42f4-a5ff-32f1c403ac53,galleta oreo mini,0.0,40 GR,gonzalozambrano,Gonzalo Zambrano,0.0
8cfc54bd-c1b3-4006-88a9-39127a501ddb,desod spray axe seco,0.0,150 ML,gonzalozambrano,Gonzalo Zambrano,0.0
8d011a9b-f29d-4180-94fc-bfd70b6cbb48,sham johnson,0.0,400 ML,gonzalozambrano,Gonzalo Zambrano,0.0
9080f5e2-b20a-4228-bd2e-067ad749c05d,aven quaker,0.0,1 KG,gonzalozambrano,Gonzalo Zambrano,0.0
92c74db1-936d-43cc-92dd-b4e7787aac0e,agua dasani,0.0,600 ML,gonzalozambrano,Gonzalo Zambrano,0.0
94084d5d-0fad-4e62-9d75-217d134e7918,manj dulac,0.0,250 GR,gonzalozambrano,Gonzalo Zambrano,0.0
941bb59b-494a-4e40-9576-16f88160e09f,mayo los andes,0.0,200 GR,gonzalozambrano,Gonzalo Zambrano,0.0
95eb1b45-2c4f-40a5-a826-049501d5b824,lavav en barra floral deja,0.0,250 GR,gonzalozambrano,Gonzalo Zambrano,0.0
97376764-aa70-4c93-a578-4b14fafe7bcb,salsa de tomate los andes,0.0,200 GR,gonzalozambrano,Gonzalo Zambrano,0.0
9789e487-de53-430c-90ca-85db2f20c985,cerveza pilsener light x6,0.0,330 ML C/U,gonzalozambrano,Gonzalo Zambrano,0.0
98ca5012-6a3b-4c5e-83ad-eddc700472fc,cerveza pilsener x6,0.0,330 ML C/U,gonzalozambrano,Gonzalo Zambrano,0.0
9a8eaefd-cf51-4351-856f-1deac8b85471,galleta santin noel,0.0,300 GR,gonzalozambrano,Gonzalo Zambrano,0.0
9a9b645a-757e-494f-bd63-51be88683566,gelatina para cabello ego attraction,0.0,500 GR,gonzalozambrano,Gonzalo Zambrano,0.0
9ab9403d-099c-463b-ac80-4534cf462462,azucar morena valdez,0.0,1KG,gonzalozambrano,Gonzalo Zambrano,0.0
9c7b00a0-0e7c-4a75-bb88-33cd0c61ed81,mayo alacena,0.0,200 GR,gonzalozambrano,Gonzalo Zambrano,0.0
9d6b7d34-6a57-4b04-972b-e414ec5929e6,galleta mini ritz,0.0,50 GR,gonzalozambrano,Gonzalo Zambrano,0.0
9d773400-8909-4d32-8e11-d8afd73ceaa6,cola fant,0.0,300 ML,gonzalozambrano,Gonzalo Zambrano,0.0
9ea670b5-2f0b-4841-b4ce-62624308f8d6,azucar morena la troncal,0.0,1KG,gonzalozambrano,Gonzalo Zambrano,0.0
9fa515ca-b10d-46b2-9000-f8073803bb7f,cerveza club premium x4,0.0,269 ML C/U,gonzalozambrano,Gonzalo Zambrano,0.0
a0b5be2e-aebb-4c50-b922-87122de0cbec,cerveza club premium x6,0.0,330 ML C/U,gonzalozambrano,Gonzalo Zambrano,0.0
a0f8c71f-294a-43d7-9e2d-55a22417f51d,gelat toni manzana,0.0,200 MG,gonzalozambrano,Gonzalo Zambrano,0.0
a13d9a6d-7d0d-4d09-a7ec-f211e3be1056,pony malta,0.0,1 LT,gonzalozambrano,Gonzalo Zambrano,0.0
a251f4ee-95d6-4143-84a5-d646bf948f0a,leche nutrileche ,0.0,1/2L,gonzalozambrano,Gonzalo Zambrano,0.0
a3ea905c-819d-48aa-9767-b15f12431eb1,coca cola,0.0,300 ML,gonzalozambrano,Gonzalo Zambrano,0.0
a5935031-b101-4ffb-9777-83cddb691fdd,chic agogo,0.0,345 GR,gonzalozambrano,Gonzalo Zambrano,0.0
a5bce2f5-260b-43f5-b1b0-134f14f040b4,manteca 3 chanchito,0.0,1/2KG,gonzalozambrano,Gonzalo Zambrano,0.0
a78b1742-766d-44cc-8323-f45152971c5a,salsa de tomate maggi,0.0,200 GR,gonzalozambrano,Gonzalo Zambrano,0.0
a84a2437-5fd1-47e9-a20e-a7c7d90913f9,galleta oreo x4,0.0,36 GR,gonzalozambrano,Gonzalo Zambrano,0.0
a86acf7c-8381-4bbc-b47c-4c024668dcbe,leche toni sabori,0.0,200 ML,gonzalozambrano,Gonzalo Zambrano,0.0
a87a4b23-1d06-43fa-8058-c7fb6e85098e,mantequilla bonella ,0.0,1/2 LB,gonzalozambrano,Gonzalo Zambrano,0.0
a92e3dc4-f76e-4d2a-b21f-e04980929b30,sal cris - sal ,0.0,1 KG,gonzalozambrano,Gonzalo Zambrano,0.0
a95fde63-0b16-41e9-a2ab-7bc0c412ea39,azucar valdez,0.0,1KG,gonzalozambrano,Gonzalo Zambrano,0.0
a9dbd189-d985-44a6-9794-e8eb2119e2de,papel higienico doble hoja elite x4,0.0,25 M C/U,gonzalozambrano,Gonzalo Zambrano,0.0
aa2c9b42-fb7b-4140-932e-8208103d6a7b,jab protex avena x4,0.0,75 GR C/U,gonzalozambrano,Gonzalo Zambrano,0.0
aacbe382-96d0-4afb-a6db-459158d0cb1f,cerveza biela x12,0.0,355 ML C/U,gonzalozambrano,Gonzalo Zambrano,0.0
ad3fbd30-a563-46c6-8b9c-c136b4e2affe,sham pantene,0.0,400 ML,gonzalozambrano,Gonzalo Zambrano,0.0
ad6b7904-0f3c-4489-a1b1-062525089582,leche nutri deslactosada,0.0,1/2L,gonzalozambrano,Gonzalo Zambrano,0.0
b05943aa-1444-43ad-942b-72615433eff0,cerveza amstel x6,0.0,355 ML C/U,gonzalozambrano,Gonzalo Zambrano,0.0
b0c6dc2f-4c7f-4ffe-a797-d5964c6fedbd,gelat toni cereza,0.0,200 MG,gonzalozambrano,Gonzalo Zambrano,0.0
b0ebeba4-c9e2-40ca-96b2-329503dc410d,vive  100 zero,0.0,475 ML,gonzalozambrano,Gonzalo Zambrano,0.0
b4ae12f4-975e-48b4-8214-40acbf48d47b,detergente fab en polvo limã³n,0.0,1 KG,gonzalozambrano,Gonzalo Zambrano,0.0
b555b7a4-a23f-4f36-8c00-0921c664f235,leche nutrileche deslactosada,0.0,1/4L,gonzalozambrano,Gonzalo Zambrano,0.0
b5e53638-609c-4a14-a538-3fcb641351dc,leche nutri deslactosada,0.0,1L,gonzalozambrano,Gonzalo Zambrano,0.0
b6e29f38-99cc-44a4-acd4-661f273b81ac,azucar morena la troncal,0.0,1/4KG,gonzalozambrano,Gonzalo Zambrano,0.0
b7aeb880-6d86-4b0e-a8e9-3be3093ba864,monster energy,0.0,473 ML,gonzalozambrano,Gonzalo Zambrano,0.0
b7bce2c5-6ae5-4734-895d-0f62aaa354b2,la sazonador maggi,0.0,550 GR,gonzalozambrano,Gonzalo Zambrano,0.0
b97f7316-2e73-4e52-b421-2d1fd73c35e8,detergente limã³n ciclã³n,0.0,1.2 KG,gonzalozambrano,Gonzalo Zambrano,0.0
b9db6a5f-e280-4f6e-8146-8177e2c4660a,cola pepsi,0.0,355 ML,gonzalozambrano,Gonzalo Zambrano,0.0
ba315287-9e32-4f35-bf53-f9134c4e3ff8,cerveza amstel x12,0.0,355 ML C/U,gonzalozambrano,Gonzalo Zambrano,0.0
bc03a9b3-3dd0-4024-a7af-4a9829fc8da5,chocolate para reposteria nestle,0.0,100 GR,gonzalozambrano,Gonzalo Zambrano,0.0
be809c12-2ecb-48f3-9b60-e7211422f185,vin merlot casillero del diablo,0.0,750 ML,gonzalozambrano,Gonzalo Zambrano,0.0
c05fbde1-e6f0-4318-a1ae-43e3388fcbfd,pan mini mold integ dandy,0.0,250 GR,gonzalozambrano,Gonzalo Zambrano,0.0
c13da2ec-d359-4661-ac70-04b9118f414a,servill familia,0.0,100 U,gonzalozambrano,Gonzalo Zambrano,0.0
c2290735-7e30-411f-9ba9-cfab7c7b76d5,salsa de tomate maggi,0.0,100 GR,gonzalozambrano,Gonzalo Zambrano,0.0
c2c2d34e-47ae-4872-9bba-64a2026aca22,leche nutrileche deslactosada,0.0,1/2L,gonzalozambrano,Gonzalo Zambrano,0.0
c46862aa-a069-4e20-ba25-3dd92d0a3609,atãºn vam camps  en agua,0.0,184 GR,gonzalozambrano,Gonzalo Zambrano,0.0
c4882097-7ddd-46ff-a3c6-0c9a438dc842,prestob gillette x2 ,0.0,,gonzalozambrano,Gonzalo Zambrano,0.0
c4cecbce-fdc8-4550-a4c3-d124985dc6a3,leche nutrileche descremada,0.0,1/2L,gonzalozambrano,Gonzalo Zambrano,0.0
c56ec453-fbd6-4c8d-ab11-424c0e205c87,azucar san carlos ,0.0,1KG,gonzalozambrano,Gonzalo Zambrano,0.0
c589ff5e-243d-4d7d-a406-21abb4d440ef,detergente fab en polvo flores,0.0,5 KG,gonzalozambrano,Gonzalo Zambrano,0.0
c5b5d727-e46c-4348-971a-26e3d80331dc,ajo en pasta ile,0.0,500 GR,gonzalozambrano,Gonzalo Zambrano,0.0
c6e5245b-b102-415b-8beb-a14e433cb47f,atãºn isabel lomitos en aceite giras,0.0,160 GR,gonzalozambrano,Gonzalo Zambrano,0.0
c8856183-92a8-43ae-9df0-26d3b0d84fcd,mayo maggi,0.0,200 GR,gonzalozambrano,Gonzalo Zambrano,0.0
c969d7bb-45c9-4475-9973-3c89d6a2aa44,pasta colgate ,0.0,50 GR,gonzalozambrano,Gonzalo Zambrano,0.0
ca115be7-6ce2-48fa-91a9-a30a3ceb6f88,cocoa rica,0.0,170G,gonzalozambrano,Gonzalo Zambrano,0.0
cb097e3c-2612-46e1-b7aa-414267564d6f,gelat toni,0.0,200 GR,gonzalozambrano,Gonzalo Zambrano,0.0
cb6420b7-4cc9-4c6e-ac61-f0ab7a22d0eb,jab jolly manzanilla x6,0.0,100 GR C/U,gonzalozambrano,Gonzalo Zambrano,0.0
cd400320-bb6b-43f5-aa83-8e7d60a4f863,mayo gustadina,0.0,200 GR,gonzalozambrano,Gonzalo Zambrano,0.0
cd421c8b-d48e-4309-933a-ccd9e8b96a44,leche nutri descremada,0.0,1L,gonzalozambrano,Gonzalo Zambrano,0.0
cd844faa-3261-4587-994f-2e4d48923fd4,azucar la troncal ,0.0,1/2KG,gonzalozambrano,Gonzalo Zambrano,0.0
cf58621e-3bc2-4457-a9f9-e38475c5af99,sporade,0.0,500 ML,gonzalozambrano,Gonzalo Zambrano,0.0
d02477b7-414f-42d4-8242-2cfb3fe7d508,chic trident,0.0,"30,6 GR",gonzalozambrano,Gonzalo Zambrano,0.0
d289e844-0243-4a1c-881f-69608e75724d,mayo facundo,0.0,200 GR,gonzalozambrano,Gonzalo Zambrano,0.0
d29b6735-943e-4230-b515-0ecdb25793c4,mayo girasol,0.0,200 GR,gonzalozambrano,Gonzalo Zambrano,0.0
d3a651bf-6db7-456e-9327-751a09213d56,gelatina par cabel ego attraction,0.0,200 GR,gonzalozambrano,Gonzalo Zambrano,0.0
d3ab1485-09cb-44ba-927b-d627f18c9722,jab protex avena x3,0.0,110 GR C/U,gonzalozambrano,Gonzalo Zambrano,0.0
d732dae6-1485-4a50-b59d-4e1d794b36ec,hari de trig ya,0.0,1 KG,gonzalozambrano,Gonzalo Zambrano,0.0
d8849251-8c91-4dfe-9e82-aff713388b59,agua all natural,0.0,2 LT,gonzalozambrano,Gonzalo Zambrano,0.0
d962ce73-09ae-4af9-9e17-fe35d714ff85,leche nutrileche descremada,0.0,1/4L,gonzalozambrano,Gonzalo Zambrano,0.0
d982ab8c-9451-4522-b114-0f98f3ad78b1,lavav en barra floral deja,0.0,350 GR,gonzalozambrano,Gonzalo Zambrano,0.0
da969102-d09f-4351-b971-a9e290f6ac3b,detergente deja en polvo limã³n,0.0,"2,2 KG",gonzalozambrano,Gonzalo Zambrano,0.0
dad03f57-377d-4a2d-add2-e4107bf730f8,gelat en polvo royal,0.0,200 GR,gonzalozambrano,Gonzalo Zambrano,0.0
dc4af1de-15c7-44a3-a157-c811a8d67295,leche toni mi pack x6 surtido,0.0,200 ML C/U,gonzalozambrano,Gonzalo Zambrano,0.0
dd5103a6-0c96-4044-a91d-d64969ec2923,meg sazonador ile,0.0,200 GR,gonzalozambrano,Gonzalo Zambrano,0.0
de0f6448-3d48-4434-be89-097075b45e59,polv para horn royal ,0.0,100 GR,gonzalozambrano,Gonzalo Zambrano,0.0
ded9ed43-3700-4dec-bfa9-95a01b86b6c5,v220,0.0,330 ML,gonzalozambrano,Gonzalo Zambrano,0.0
dfd5d857-91b6-4203-9601-42548754dd31,azucar morena valdez,0.0,1/2KG,gonzalozambrano,Gonzalo Zambrano,0.0
e03b213f-e29d-4561-a580-5cfcd0f8024f,sal pacã­fic,0.0,500 GR,gonzalozambrano,Gonzalo Zambrano,0.0
e167aca3-2585-41fc-8850-6ac9b46702ec,detergente ciclã³n xtra powerade,0.0,2 KG,gonzalozambrano,Gonzalo Zambrano,0.0
e3a8b1a0-9bf7-4740-8f54-c1d26aba976f,jab protex limpieza prof x4,0.0,110 GR C/U,gonzalozambrano,Gonzalo Zambrano,0.0
e45642c7-40c6-4f47-b414-e83aeb5c26e3,chocolate para reposteria nestle,0.0,200 GR,gonzalozambrano,Gonzalo Zambrano,0.0
e4c9b391-f8dd-458b-bf8a-10543a5f2dad,desod lady speed stick,0.0,50 ML,gonzalozambrano,Gonzalo Zambrano,0.0
e4ce187a-9e8d-4758-862f-f83d3cd4b7d0,sal cris - sal ,0.0,500 GR,gonzalozambrano,Gonzalo Zambrano,0.0
e516aa68-bef7-46fd-9366-866d27bebfb5,detergente deja en polvo floral,0.0,340 GR,gonzalozambrano,Gonzalo Zambrano,0.0
e58ec58a-1215-4a21-a09b-bf8782979a62,manj arequipe,0.0,500 GR,gonzalozambrano,Gonzalo Zambrano,0.0
e6fe38b7-c88a-4a03-9393-e1aa93eac0ae,gelatina par cabel trance,0.0,1 KG,gonzalozambrano,Gonzalo Zambrano,0.0
e736308a-7578-489e-aa7f-dc475ed1e002,galleta ritz x4,0.0,268 GR,gonzalozambrano,Gonzalo Zambrano,0.0
ea856185-43e4-4595-8f45-061c8d4a1199,cola sprite,0.0,3 LT,gonzalozambrano,Gonzalo Zambrano,0.0
ea9c3600-b310-4e1f-b4c1-ec2592a08f4b,agua mineral con gas gã¼itig,0.0,500 ML,gonzalozambrano,Gonzalo Zambrano,0.0
eb28b199-994b-41ed-982f-0828ab67db5f,agua cielo,0.0,625 ML,gonzalozambrano,Gonzalo Zambrano,0.0
eb4efd55-8f34-4eb4-bacf-1ce220a96583,galleta de coco nestle,0.0,206 GR,gonzalozambrano,Gonzalo Zambrano,0.0
ee6b977d-a90b-49e3-9203-b33a22eda833,detergente deja en polvo limã³n,0.0,340 GR,gonzalozambrano,Gonzalo Zambrano,0.0
ee779888-9985-41a6-ba3b-ac319d2de655,azucar la troncal ,0.0,1/4KG,gonzalozambrano,Gonzalo Zambrano,0.0
ef0c7ca4-5eaf-4980-8970-82454b98d30c,mayo maggi,0.0,400 GR,gonzalozambrano,Gonzalo Zambrano,0.0
ef81b38f-4d04-4f7a-a808-4b046951d61f,galleta ducales,0.0,360 GR,gonzalozambrano,Gonzalo Zambrano,0.0
efa01d9d-8550-4e0e-aae5-5fc511aa7124,galleta oreo x6,0.0,126 GR,gonzalozambrano,Gonzalo Zambrano,0.0
f10251df-040c-48dd-ae1d-d1ba8f75bd1e,gelat en polvo royal,0.0,400 GR,gonzalozambrano,Gonzalo Zambrano,0.0
f26f4889-dacc-4241-b448-f045bcd5b14f,cerveza pilsener light x4,0.0,269 ML C/U,gonzalozambrano,Gonzalo Zambrano,0.0
f5636c01-e9d0-4658-b906-8e6fc143921f,aceite de oliva extra virg,0.0,1L,gonzalozambrano,Gonzalo Zambrano,0.0
f5764cac-a9a2-4624-b0b8-9db46cd48b0d,pasta polara,0.0,150GR,gonzalozambrano,Gonzalo Zambrano,0.0
f651ed29-2edb-4ec5-988c-d4ea8efe679e,sal cris - sal ,0.0,2 KG,gonzalozambrano,Gonzalo Zambrano,0.0
f6d740a5-b12a-4775-a674-06aaa4a66669,coca cola,0.0,2 LT,gonzalozambrano,Gonzalo Zambrano,0.0
f7781908-3c6c-4ce0-b93d-c5b5d5fc366a,vin tinto del morro,0.0,750 ML,gonzalozambrano,Gonzalo Zambrano,0.0
f992fb82-e588-4b76-89cc-6e0009c41951,pap frit sarita cebolla,0.0,100 GR,gonzalozambrano,Gonzalo Zambrano,0.0
fa86bae9-0cb4-4a4c-8334-a0ca5cad11cb,mantequilla girasol,0.0,1/2 LB ,gonzalozambrano,Gonzalo Zambrano,0.0
fc6713fe-a2ca-4c67-b994-2f2ad96f9428,servill familia,0.0,200 U,gonzalozambrano,Gonzalo Zambrano,0.0
fdf4d7b6-5936-4c05-a9d5-68ac75b6dd56,pan mold dandy,0.0,500 GR,gonzalozambrano,Gonzalo Zambrano,0.0
ffa4aefe-6f61-4302-8c5a-a254615e1669,cola fioravanti,0.0,"1,35 LT",gonzalozambrano,Gonzalo Zambrano,0.0
